Name,Country,Link,Lightning
Arnzearms,United States,https://arnzenarms.com/,Yes
Gafiringline,United States,https://shop.gafiringline.com/,No
Fenix Ammunition,United States,https://fenixammunition.com/,Yes
Yoursole,United States,https://yoursole.com/us,Yes
Daylight Computer,United States,https://daylightcomputer.com/,Yes
Soap Miner,United States,https://soapminer.com/,Yes
Delagados fugeo,United States,https://delgadosfuego.com/tienda,Yes
Peonylane Wine,United States,https://www.peonylanewine.com/,Yes
Anagenic,United States,https://anageninc.com/,Yes
Fartech,United States,https://www.farfetch.com/,Yes
Wyoming Based,United States,https://www.wyomingbased.com/,Yes
Uncute,United States,https://www.uncute.com/,Yes
GreatGhee,United States,https://pay.zaprite.com/pl_hEKfCZ26ml,Yes
Farmer bills provisions,United States,https://farmerbillsprovisions.com/,Yes
Meileaf,United States,https://meileaf.com/,Yes
Smith pastures,United States,https://smithpastures.com/,Yes
Getchroma,United States,https://based.getchroma.co/,Yes
Mushmore Supplements,United States,https://www.mushmoresupplements.com/,Yes
LMTD Supply,United States,https://lmtdsupply.co/,Yes
Acme Acres,United States,https://acmeacres.us/,Yes
Seed Vault,United States,https://seedvault.market/,Yes
Privato,Canada,https://www.privato.ca/,Yes
The Leather Mint,Canada,https://theleathermint.com/,Yes
Shopinbit,EU,https://shopinbit.de/,Yes
Drink Bob,EU,https://drink-bob.com/,Yes
Buy bit art,EU,https://buybitart.com/,Yes
Mining Wholesale,EU,https://miningwholesale.eu/,Yes
Bitcoin Apex Art,EU,https://www.bitcoinapexart.com/,Yes
Gobrrr,EU,https://www.gobrrr.me/,Yes
Drive Czech,Czechia,https://driveczech.com/,Yes
Alza,Czechia,https://m.alza.cz/,Yes
Stackuj,Czechia,https://stackuj.cz/,Yes
Online Vis,Netherlands,https://onlinevis.nl/,Yes
Bitcoin Bottles,Netherlands,https://bitcoinbottles.nl/,Yes
Bitcoin Debuut,Netherlands,https://bitcoindebuut.nl/,Yes
Bitcoin Focus,Netherlands,https://bitcoinfocus.nl/,Yes
Bitcoin Stuff Store,Netherlands,https://www.bitcoinstuffstore.com/,Yes
Bitcoin Taps,Netherlands,https://bitcointaps.com/,Yes
Cafe Weltschmerz,Netherlands,https://www.cafeweltschmerz.nl/,Yes
Fueling You,Netherlands,https://www.fuelingyou.nl/,Yes
Stemlp,Netherlands,https://stemlp.nl/,Yes
Terschelling Bricks,Netherlands,https://www.terschellingbricks.nl/,Yes
Bvnl,Netherlands,https://bvnl.nl/,Yes
Gamekings,Netherlands,https://www.gamekings.tv/,Yes
Voorlopig,Netherlands,https://voorlopig.fly.dev/#/login,Yes
Palingshop,Netherlands,https://www.palingshop.nl/,Yes
Phoodfarm,Netherlands,https://phoodfarm.org/,Yes
Combipower,Netherlands,https://combipower.nl/,Yes
Hummingbird Amsterdam,Netherlands,https://www.hummingbird.amsterdam/,Yes
Filmweb,Poland,https://www.filmweb.pl/,Yes
Cremita CBD,Spain,https://cremitacbd.com/,idk
MegaTechnica,Georgia,https://megatechnica.ge/,Yes
Supta,Georgia,https://supta.ge/,Yes
Nlstore,Georgia,nlstore.ge,Yes
Audit Company TMC,Georgia,https://tmcgeorgia.com/,Yes
Prime Store,Georgia,https://primestore.ge/,Yes
Greenlab,Georgia,https://greenlab.ge/,Yes
Growlab,Georgia,https://growlab.ge/,Yes
Keylocker,Georgia,https://keylocker.ge/,Yes
Ciel,Georgia,https://ciel.ge/,Yes
Isari,Georgia,https://isari.store/,Yes
Isolabellart,Italy,https://isolabellart.it.com/,Yes
Konzum,Croatia,Konzum.hr,No
Qualidoc,Brazil,https://www.qualidoc.com.br/,Yes
Eccelesiae,Brazil,https://ecclesiae.com.br/,Yes
Minebit,Brazil,https://minebit.com.br/,Yes
Kriptonmarket,Argentina,https://marketplace.kriptonmarket.com/,Yes
Totalplay,Mexico,https://www.totalplay.com.mx/,Yes
Elektra,Mexico,https://www.elektra.mx/,Yes
The Good Beans,El Salvador,https://thegoodbeans.com/,Yes
Bitdriver,El Salvador,https://bitdriver.taxi/,Yes
Beef Back Better,El Salvador,https://www.beefbackbetter.com/,Yes
Market And More,Costa Rica,https://app.marketandmorecr.com/es/,Yes
Campo Apicola,Colombia,https://www.campoapicola.com/?utm_source=lightningnetworkstores.com,Yes
Sweet Home Paraguay,Paraguay,https://sweethomeparaguay.com/,Yes
Inet,Sweden,https://www.inet.se/,No
Kaffebox,Norway,https://www.kaffebox.no/,Yes
Bitcoin Bonden,Norway,https://bitcoinbonden.no/,Yes
Great North Air Ambulance,United Kingdom,https://www.greatnorthairambulance.co.uk/support-us/donations/bitcoin,Yes
Bonjour Wines,United Kingdom,https://bonjourwines.co.uk/,Yes
Leeds Gin,United Kingdom,https://www.leedsgin.com,Yes
Castle Hill Gin,United Kingdom,https://www.castlehillgin.com/,Yes
Spy Equipment UK,United Kingdom,https://www.spyequipmentuk.co.uk/,Yes
Purple Hearts Studios,United Kingdom,https://purpleheartstudios.co.uk/,Yes
Motrhome,United Kingdom,https://motrhome.com/,Yes
Pumphreys Coffee,United Kingdom,https://pumphreys-coffee.co.uk/,Yes
Missprint,United Kingdom,https://www.missprint.co.uk/,Yes
Lightning Bazaar,Australia,https://lightningbazaar.com/honey/,Yes
Orange Pages,New Zealand,https://orangepages.nz/Market,Yes
Lightning Base,Japan,https://lightningbase.jp/,Yes
Chavda,South Africa,https://chavda.com/,Yes
Bramleigh Farm,South Africa,https://www.bramleigh.co.za/,Yes
Stk,South Africa,https://stk.co.za/shop/,Yes
Butlers,South Africa,https://www.butlers.co.za/,Yes
Ticketpro,South Africa,https://ticketpro.co.za/,Yes
Daily Maverick,South Africa,https://www.dailymaverick.co.za/,Yes
Geewiz,South Africa,https://www.geewiz.co.za/,Yes
Lighting Warehouse,South Africa,https://lightingwarehouse.co.za/,Yes
Skoonskin,South Africa,https://skoonskin.com/,Yes
Wizmed,South Africa,https://wizmed.co.za/,Yes
Furniture Spot,South Africa,https://furniturespot.co.za/,Yes
Epic Deals,South Africa,https://epicdeals.co.za/,Yes
Flook,South Africa,https://www.flook.co.za/,Yes
Columbia Sportswear,South Africa,https://www.columbiasportswear.co.za/,Yes
Brights,South Africa,https://www.brights.co.za/,Yes
Btgames,South Africa,https://www.btgames.co.za/,Yes
Bootlegger,South Africa,https://bootlegger.coffee/,Yes
Brutech,South Africa,https://www.brutech.co.za/,Yes
Lugolug,South Africa,https://www.lugtolug.co.za/,Yes
The Baby Empire,South Africa,https://www.thebabyempireltd.co.za/,Yes
Du,UAE,https://www.getdu.ae/,Yes
Namecheap,Worldwide,https://www.namecheap.com/,Yes
Twenty One Solutions,Worldwide,https://twentyonesolutions.com/,Yes
Fmp Host,Worldwide,http://fmphost.com/,Yes
Mega,Worldwide,https://mega.io/,No
Mynymbox,Worldwide,https://mynymbox.io/,Yes
Rack Nation,Worldwide,https://www.racknation.cr/,Yes
Sovrans Systems,Worldwide,https://sovransystems.com/,Yes
Luna Node,Worldwide,https://www.lunanode.com/,Yes
Dyna Bot,Worldwide,https://www.dynadot.com/,Yes
Planet Express,Worldwide,https://planetexpress.com/,Yes
Satosphere 21,Worldwide,https://www.satosphere21.com/,Yes
Blockhunters,Worldwide,https://blockhuntersgame.com/,Yes
Geyser Fund,Worldwide,https://geyser.fund/,Yes
Izindlovu Fund,Worldwide,https://izindlovu.org/,Yes
Cypherflow,Worldwide,https://cypherflow.ai/,Yes
Sats Coffee,Worldwide,https://sats.coffee/our-beans/,Yes
Lightning Koffee,Worldwide,https://lightningkoffee.com/,Yes
MobiMatter,Worldwide,https://mobimatter.com/,Yes
Silent Link,Worldwide,https://silent.link/,Yes
Obscura,Worldwide,https://obscura.net/,Yes
Mullvad,Worldwide,https://mullvad.net/,Yes
Jolt Fun,Worldwide,https://joltfun.com/,Yes
G2A,Worldwide,https://www.g2a.com/,No
Travala,Worldwide,https://www.travala.com/,Yes
AirBTC,Worldwide,https://airbtc.online/,Yes
Bitcoin Travel,Worldwide,https://www.bitcointravel.com/,Yes
Hivetalk,Worldwide,https://honey.hivetalk.org,Yes